customerID,orderID,orderDate,order_revenue
VINET,10248,2013-07-04,440.0
TOMSP,10249,2013-07-05,1863.4
HANAR,10250,2013-07-08,1552.6
VICTE,10251,2013-07-08,654.06
SUPRD,10252,2013-07-09,3597.9
HANAR,10253,2013-07-10,1444.8000000000002
CHOPS,10254,2013-07-11,556.6199999999999
RICSU,10255,2013-07-12,2490.5
WELLI,10256,2013-07-15,517.8
HILAA,10257,2013-07-16,1119.9
ERNSH,10258,2013-07-17,1614.88
CENTC,10259,2013-07-18,100.8
OTTIK,10260,2013-07-19,1504.65
QUEDE,10261,2013-07-19,448.0
RATTC,10262,2013-07-22,584.0
ERNSH,10263,2013-07-23,1873.8
FOLKO,10264,2013-07-24,695.625
BLONP,10265,2013-07-25,1176.0
WARTH,10266,2013-07-26,346.55999999999995
FRANK,10267,2013-07-29,3536.6
GROSR,10268,2013-07-30,1101.2
WHITC,10269,2013-07-31,642.1999999999999
WARTH,10270,2013-08-01,1376.0
SPLIR,10271,2013-08-01,48.0
RATTC,10272,2013-08-02,1456.0
QUICK,10273,2013-08-05,2037.28
VINET,10274,2013-08-06,538.6
MAGAA,10275,2013-08-07,291.84
TORTU,10276,2013-08-08,420.0
MORGK,10277,2013-08-09,1200.8
BERGS,10278,2013-08-12,1488.8
LEHMS,10279,2013-08-13,351.0
BERGS,10280,2013-08-14,613.2
ROMEY,10281,2013-08-14,86.5
ROMEY,10282,2013-08-15,155.39999999999998
LILAS,10283,2013-08-16,1414.8
LEHMS,10284,2013-08-19,1170.375
QUICK,10285,2013-08-20,1743.36
QUICK,10286,2013-08-21,3016.0
RICAR,10287,2013-08-22,819.0
REGGC,10288,2013-08-23,80.1
BSBEV,10289,2013-08-26,479.4
COMMI,10290,2013-08-27,2169.0
QUEDE,10291,2013-08-27,497.52
TRADH,10292,2013-08-28,1296.0
TORTU,10293,2013-08-29,848.7
RATTC,10294,2013-08-30,1887.6
VINET,10295,2013-09-02,121.6
LILAS,10296,2013-09-03,1050.6
BLONP,10297,2013-09-04,1420.0
HUNGO,10298,2013-09-05,2645.0
RICAR,10299,2013-09-06,349.5
MAGAA,10300,2013-09-09,608.0
WANDK,10301,2013-09-09,755.0
SUPRD,10302,2013-09-10,2708.7999999999997
GODOS,10303,2013-09-11,1117.8000000000002
TORTU,10304,2013-09-12,954.4
OLDWO,10305,2013-09-13,3741.3
ROMEY,10306,2013-09-16,498.5
LONEP,10307,2013-09-17,424.0
ANATR,10308,2013-09-18,88.8
HUNGO,10309,2013-09-19,1762.0
THEBI,10310,2013-09-20,336.0
DUMON,10311,2013-09-20,268.79999999999995
WANDK,10312,2013-09-23,1614.8
QUICK,10313,2013-09-24,182.39999999999998
RATTC,10314,2013-09-25,2094.3
ISLAT,10315,2013-09-26,516.8
RATTC,10316,2013-09-27,2835.0
LONEP,10317,2013-09-30,288.0
ISLAT,10318,2013-10-01,240.4
TORTU,10319,2013-10-02,1191.2
WARTH,10320,2013-10-03,516.0
ISLAT,10321,2013-10-03,144.0
PERIC,10322,2013-10-04,112.0
KOENE,10323,2013-10-07,164.4
SAVEA,10324,2013-10-08,5275.715
KOENE,10325,2013-10-09,1497.0
BOLID,10326,2013-10-10,982.0
FOLKO,10327,2013-10-11,1810.0
FURIB,10328,2013-10-14,1168.0
SPLIR,10329,2013-10-15,4578.43
LILAS,10330,2013-10-16,1649.0
BONAP,10331,2013-10-16,88.5
MEREP,10332,2013-10-17,1786.88
WARTH,10333,2013-10-18,877.2
VICTE,10334,2013-10-21,144.8
HUNGO,10335,2013-10-22,2036.1599999999999
PRINI,10336,2013-10-23,285.12
FRANK,10337,2013-10-24,2467.0
OLDWO,10338,2013-10-25,934.5
MEREP,10339,2013-10-28,3354.0
BONAP,10340,2013-10-29,2436.18
SIMOB,10341,2013-10-29,352.59999999999997
FRANK,10342,2013-10-30,1840.64
LEHMS,10343,2013-10-31,1584.0
WHITC,10344,2013-11-01,2296.0
QUICK,10345,2013-11-04,2924.8
RATTC,10346,2013-11-05,1618.88
FAMIA,10347,2013-11-06,814.42
WANDK,10348,2013-11-07,363.6
SPLIR,10349,2013-11-08,141.60000000000002
LAMAI,10350,2013-11-11,642.06
ERNSH,10351,2013-11-11,5398.724999999999
FURIB,10352,2013-11-12,136.3
PICCO,10353,2013-11-13,8593.28
PERIC,10354,2013-11-14,568.8
AROUT,10355,2013-11-15,480.0
WANDK,10356,2013-11-18,1106.4
LILAS,10357,2013-11-19,1167.68
LAMAI,10358,2013-11-20,429.4
SEVES,10359,2013-11-21,3471.68
BLONP,10360,2013-11-22,7390.2
QUICK,10361,2013-11-22,2046.2400000000002
BONAP,10362,2013-11-25,1549.6
DRACD,10363,2013-11-26,447.20000000000005
EASTC,10364,2013-11-26,950.0
ANTON,10365,2013-11-27,403.20000000000005
GALED,10366,2013-11-28,136.0
VAFFE,10367,2013-11-28,834.1999999999999
ERNSH,10368,2013-11-29,1689.78
SPLIR,10369,2013-12-02,2390.4
CHOPS,10370,2013-12-03,1117.6
LAMAI,10371,2013-12-03,72.96
QUEEN,10372,2013-12-04,9210.9
HUNGO,10373,2013-12-05,1366.4
WOLZA,10374,2013-12-05,459.0
HUNGC,10375,2013-12-06,338.0
MEREP,10376,2013-12-09,399.0
SEVES,10377,2013-12-09,863.5999999999999
FOLKO,10378,2013-12-10,103.19999999999999
QUEDE,10379,2013-12-11,863.2800000000001
HUNGO,10380,2013-12-12,1313.82
LILAS,10381,2013-12-12,112.0
ERNSH,10382,2013-12-13,2900.0
AROUT,10383,2013-12-16,899.0
BERGS,10384,2013-12-16,2222.3999999999996
SPLIR,10385,2013-12-17,691.2
FAMIA,10386,2013-12-18,166.0
SANTG,10387,2013-12-18,1058.4
SEVES,10388,2013-12-19,1228.8
BOTTM,10389,2013-12-20,1832.8
ERNSH,10390,2013-12-23,2090.88
DRACD,10391,2013-12-23,86.39999999999999
PICCO,10392,2013-12-24,1440.0
SAVEA,10393,2013-12-25,2556.95
HUNGC,10394,2013-12-25,442.0
HILAA,10395,2013-12-26,2122.92
FRANK,10396,2013-12-27,1903.8000000000002
PRINI,10397,2013-12-27,716.7199999999999
SAVEA,10398,2013-12-30,2505.6
VAFFE,10399,2013-12-31,1765.6
EASTC,10400,2014-01-01,3063.0
RATTC,10401,2014-01-01,3868.6
ERNSH,10402,2014-01-02,2713.5
ERNSH,10403,2014-01-03,855.015
MAGAA,10404,2014-01-03,1591.25
LINOD,10405,2014-01-06,400.0
QUEEN,10406,2014-01-07,1830.78
OTTIK,10407,2014-01-07,1194.0
FOLIG,10408,2014-01-08,1622.4
OCEAN,10409,2014-01-09,319.20000000000005
BOTTM,10410,2014-01-10,802.0
BOTTM,10411,2014-01-10,966.8
WARTH,10412,2014-01-13,334.8
LAMAI,10413,2014-01-14,2123.2
FAMIA,10414,2014-01-14,224.82999999999998
HUNGC,10415,2014-01-15,102.4
WARTH,10416,2014-01-16,720.0
SIMOB,10417,2014-01-16,11188.4
QUICK,10418,2014-01-17,1814.8
RICSU,10419,2014-01-20,2097.6
WELLI,10420,2014-01-21,1707.84
QUEDE,10421,2014-01-21,1194.27
FRANS,10422,2014-01-22,49.8
GOURL,10423,2014-01-23,1020.0
MEREP,10424,2014-01-23,9194.560000000001
LAMAI,10425,2014-01-24,360.0
GALED,10426,2014-01-27,338.20000000000005
PICCO,10427,2014-01-27,651.0
REGGC,10428,2014-01-28,192.0
HUNGO,10429,2014-01-29,1441.375
ERNSH,10430,2014-01-30,4899.2
BOTTM,10431,2014-01-30,1892.25
SPLIR,10432,2014-01-31,485.0
PRINI,10433,2014-02-03,851.1999999999999
FOLKO,10434,2014-02-03,321.12
CONSH,10435,2014-02-04,631.6
BLONP,10436,2014-02-05,1994.5200000000002
WARTH,10437,2014-02-05,393.0
TOMSP,10438,2014-02-06,454.00000000000006
MEREP,10439,2014-02-07,1078.0
SAVEA,10440,2014-02-10,4924.135
OLDWO,10441,2014-02-10,1755.0
ERNSH,10442,2014-02-11,1792.0
REGGC,10443,2014-02-12,517.4399999999999
BERGS,10444,2014-02-12,1031.7
BERGS,10445,2014-02-13,174.9
TOMSP,10446,2014-02-14,246.24
RICAR,10447,2014-02-14,914.4
RANCH,10448,2014-02-17,443.4
BLONP,10449,2014-02-18,1838.2
VICTE,10450,2014-02-19,425.12
QUICK,10451,2014-02-19,3849.66
SAVEA,10452,2014-02-20,2018.5
AROUT,10453,2014-02-21,407.70000000000005
LAMAI,10454,2014-02-21,331.20000000000005
WARTH,10455,2014-02-24,2684.0
KOENE,10456,2014-02-25,557.5999999999999
KOENE,10457,2014-02-25,1584.0
SUPRD,10458,2014-02-26,3891.0
VICTE,10459,2014-02-27,1659.1999999999998
FOLKO,10460,2014-02-28,176.1
LILAS,10461,2014-02-28,1538.7
CONSH,10462,2014-03-03,156.00000000000003
SUPRD,10463,2014-03-04,713.3
FURIB,10464,2014-03-04,1609.2800000000002
VAFFE,10465,2014-03-05,2518.0
COMMI,10466,2014-03-06,216.0
MAGAA,10467,2014-03-06,235.2
KOENE,10468,2014-03-07,717.6
WHITC,10469,2014-03-10,956.675
BONAP,10470,2014-03-11,1820.8
BSBEV,10471,2014-03-11,1328.0
SEVES,10472,2014-03-12,1036.8
ISLAT,10473,2014-03-13,230.39999999999998
PERIC,10474,2014-03-13,1249.1
SUPRD,10475,2014-03-14,1505.18
HILAA,10476,2014-03-17,180.48
PRINI,10477,2014-03-17,558.0
VICTE,10478,2014-03-18,471.2
RATTC,10479,2014-03-19,10495.6
FOLIG,10480,2014-03-20,756.0
RICAR,10481,2014-03-20,1472.0
LAZYK,10482,2014-03-21,147.0
WHITC,10483,2014-03-24,668.8
BSBEV,10484,2014-03-24,386.2
LINOD,10485,2014-03-25,1584.0
HILAA,10486,2014-03-26,1272.0
QUEEN,10487,2014-03-26,889.7
FRANK,10488,2014-03-27,1512.0
PICCO,10489,2014-03-28,439.20000000000005
HILAA,10490,2014-03-31,3163.2
FURIB,10491,2014-03-31,259.505
BOTTM,10492,2014-04-01,851.1999999999999
LAMAI,10493,2014-04-02,608.4
COMMI,10494,2014-04-02,912.0
LAUGB,10495,2014-04-03,278.0
TRADH,10496,2014-04-04,190.0
LEHMS,10497,2014-04-04,1380.6
HILAA,10498,2014-04-07,575.0
LILAS,10499,2014-04-08,1412.0
LAMAI,10500,2014-04-09,523.26
BLAUS,10501,2014-04-09,149.0
PERIC,10502,2014-04-10,816.3
HUNGO,10503,2014-04-11,2048.5
WHITC,10504,2014-04-11,1388.5
MEREP,10505,2014-04-14,147.89999999999998
KOENE,10506,2014-04-15,415.8
ANTON,10507,2014-04-15,749.0625
OTTIK,10508,2014-04-16,240.0
BLAUS,10509,2014-04-17,136.8
SAVEA,10510,2014-04-18,4707.540000000001
BONAP,10511,2014-04-18,2550.0
FAMIA,10512,2014-04-21,525.3
WANDK,10513,2014-04-22,1942.0
ERNSH,10514,2014-04-22,8623.45
QUICK,10515,2014-04-23,9921.3
HUNGO,10516,2014-04-24,2381.05
NORTS,10517,2014-04-24,352.0
TORTU,10518,2014-04-25,4150.05
CHOPS,10519,2014-04-28,2314.2
SANTG,10520,2014-04-29,200.0
CACTU,10521,2014-04-29,225.5
LEHMS,10522,2014-04-30,2318.24
SEVES,10523,2014-05-01,2444.31
BERGS,10524,2014-05-01,3192.65
BONAP,10525,2014-05-02,818.4
WARTH,10526,2014-05-05,1151.4
QUICK,10527,2014-05-05,1503.0
GREAL,10528,2014-05-06,392.2
MAISD,10529,2014-05-07,946.0
PICCO,10530,2014-05-08,4180.0
OCEAN,10531,2014-05-08,110.0
EASTC,10532,2014-05-09,796.35
FOLKO,10533,2014-05-12,2222.2
LEHMS,10534,2014-05-12,465.7
ANTON,10535,2014-05-13,1940.85
LEHMS,10536,2014-05-14,1645.0
RICSU,10537,2014-05-14,1823.8
BSBEV,10538,2014-05-15,139.8
BSBEV,10539,2014-05-16,355.5
QUICK,10540,2014-05-19,10191.7
HANAR,10541,2014-05-19,1946.5200000000002
KOENE,10542,2014-05-20,469.11
LILAS,10543,2014-05-21,1504.5
LONEP,10544,2014-05-21,417.2
LAZYK,10545,2014-05-22,210.0
VICTE,10546,2014-05-23,2812.0
SEVES,10547,2014-05-23,1792.8
TOMSP,10548,2014-05-26,240.1
QUICK,10549,2014-05-27,3554.275
GODOS,10550,2014-05-28,683.3
FURIB,10551,2014-05-28,1677.3
HILAA,10552,2014-05-29,880.5
WARTH,10553,2014-05-30,1546.3
OTTIK,10554,2014-05-30,1728.5249999999999
SAVEA,10555,2014-06-02,2944.4
SIMOB,10556,2014-06-03,835.1999999999999
LEHMS,10557,2014-06-03,1152.5
AROUT,10558,2014-06-04,2142.9
BLONP,10559,2014-06-05,520.41
FRANK,10560,2014-06-06,1072.425
FOLKO,10561,2014-06-06,2844.5
REGGC,10562,2014-06-09,488.7
RICAR,10563,2014-06-10,965.0
RATTC,10564,2014-06-10,1234.05
MEREP,10565,2014-06-11,639.9
BLONP,10566,2014-06-12,1761.0
HUNGO,10567,2014-06-12,2519.0
GALED,10568,2014-06-13,155.0
RATTC,10569,2014-06-16,890.0
MEREP,10570,2014-06-17,2465.25
ERNSH,10571,2014-06-17,550.5875
BERGS,10572,2014-06-18,1501.085
ANTON,10573,2014-06-19,2082.0
TRAIH,10574,2014-06-19,764.3
MORGK,10575,2014-06-20,2147.4
TORTU,10576,2014-06-23,838.45
TRAIH,10577,2014-06-23,569.0
BSBEV,10578,2014-06-24,477.0
LETSS,10579,2014-06-25,317.75
OTTIK,10580,2014-06-26,1013.7449999999999
FAMIA,10581,2014-06-26,310.0
BLAUS,10582,2014-06-27,330.0
WARTH,10583,2014-06-30,2237.5
BLONP,10584,2014-06-30,593.75
WELLI,10585,2014-07-01,142.5
REGGC,10586,2014-07-02,23.8
QUEDE,10587,2014-07-02,807.38
QUICK,10588,2014-07-03,3120.0
GREAL,10589,2014-07-04,72.0
MEREP,10590,2014-07-07,1101.0
VAFFE,10591,2014-07-07,812.5
LEHMS,10592,2014-07-08,516.4675
LEHMS,10593,2014-07-09,1994.4
OLDWO,10594,2014-07-09,565.5
ERNSH,10595,2014-07-10,4725.0
WHITC,10596,2014-07-11,1180.88
PICCO,10597,2014-07-11,718.08
RATTC,10598,2014-07-14,2388.5
BSBEV,10599,2014-07-15,493.0
HUNGC,10600,2014-07-16,479.8
HILAA,10601,2014-07-16,2285.0
VAFFE,10602,2014-07-17,48.75
SAVEA,10603,2014-07-18,1483.0
FURIB,10604,2014-07-18,230.85000000000002
MEREP,10605,2014-07-21,4109.7
TRADH,10606,2014-07-22,1130.4
SAVEA,10607,2014-07-22,6475.4
TOMSP,10608,2014-07-23,1064.0
DUMON,10609,2014-07-24,424.0
LAMAI,10610,2014-07-25,299.25
WOLZA,10611,2014-07-25,808.0
SAVEA,10612,2014-07-28,6375.0
HILAA,10613,2014-07-29,353.2
BLAUS,10614,2014-07-29,464.0
WILMK,10615,2014-07-30,120.0
GREAL,10616,2014-07-31,4807.0
GREAL,10617,2014-07-31,1402.5
MEREP,10618,2014-08-01,2697.5
MEREP,10619,2014-08-04,1260.0
LAUGB,10620,2014-08-05,57.5
ISLAT,10621,2014-08-05,758.5
RICAR,10622,2014-08-06,560.0
FRANK,10623,2014-08-07,1336.95
THECR,10624,2014-08-07,1393.24
ANATR,10625,2014-08-08,479.75
BERGS,10626,2014-08-11,1503.6
SAVEA,10627,2014-08-11,1185.75
BLONP,10628,2014-08-12,450.0
GODOS,10629,2014-08-12,2775.05
KOENE,10630,2014-08-13,903.5999999999999
LAMAI,10631,2014-08-14,55.800000000000004
WANDK,10632,2014-08-14,589.0
ERNSH,10633,2014-08-15,5510.5925
FOLIG,10634,2014-08-15,4985.5
MAGAA,10635,2014-08-18,1326.225
WARTH,10636,2014-08-19,629.5
QUEEN,10637,2014-08-19,2761.9375
LINOD,10638,2014-08-20,2720.05
SANTG,10639,2014-08-20,500.0
WANDK,10640,2014-08-21,708.75
HILAA,10641,2014-08-22,2054.0
SIMOB,10642,2014-08-22,696.0
ALFKI,10643,2014-08-25,814.5
WELLI,10644,2014-08-25,1371.8
HANAR,10645,2014-08-26,1535.0
HUNGO,10646,2014-08-27,1446.0
QUEDE,10647,2014-08-27,636.0
RICAR,10648,2014-08-28,372.375
MAISD,10649,2014-08-28,1434.0
FAMIA,10650,2014-08-29,1779.1999999999998
WANDK,10651,2014-09-01,397.8
GOURL,10652,2014-09-01,318.835
FRANK,10653,2014-09-02,1083.15
BERGS,10654,2014-09-02,601.83
REGGC,10655,2014-09-03,154.4
GREAL,10656,2014-09-04,604.215
SAVEA,10657,2014-09-04,4371.6
QUICK,10658,2014-09-05,4464.6
QUEEN,10659,2014-09-05,1227.02
HUNGC,10660,2014-09-08,1701.0
HUNGO,10661,2014-09-09,562.6
LONEP,10662,2014-09-09,125.0
BONAP,10663,2014-09-10,1930.4
FURIB,10664,2014-09-10,1288.3874999999998
LONEP,10665,2014-09-11,1295.0
RICSU,10666,2014-09-12,4666.9400000000005
ERNSH,10667,2014-09-12,1536.8
WANDK,10668,2014-09-15,625.275
SIMOB,10669,2014-09-15,570.0
FRANK,10670,2014-09-16,2301.75
FRANR,10671,2014-09-17,920.1
BERGS,10672,2014-09-17,3815.25
WILMK,10673,2014-09-18,412.35
ISLAT,10674,2014-09-18,45.0
FRANK,10675,2014-09-19,1423.0
TORTU,10676,2014-09-22,534.85
ANTON,10677,2014-09-22,813.365
SAVEA,10678,2014-09-23,5256.5
BLONP,10679,2014-09-23,660.0
OLDWO,10680,2014-09-24,1261.875
GREAL,10681,2014-09-25,1287.4
ANTON,10682,2014-09-25,375.5
DUMON,10683,2014-09-26,63.0
OTTIK,10684,2014-09-26,1768.0
GOURL,10685,2014-09-29,801.1
PICCO,10686,2014-09-30,1404.45
HUNGO,10687,2014-09-30,4960.9
VAFFE,10688,2014-10-01,3160.6
BERGS,10689,2014-10-01,472.5
HANAR,10690,2014-10-02,862.5
QUICK,10691,2014-10-03,10164.8
ALFKI,10692,2014-10-03,878.0
WHITC,10693,2014-10-06,2071.2
QUICK,10694,2014-10-06,4825.0
WILMK,10695,2014-10-07,642.0
WHITC,10696,2014-10-08,996.0
LINOD,10697,2014-10-08,805.425
ERNSH,10698,2014-10-09,3436.4435
MORGK,10699,2014-10-09,114.0
SAVEA,10700,2014-10-10,1638.4
HUNGO,10701,2014-10-13,2864.5
ALFKI,10702,2014-10-13,330.0
FOLKO,10703,2014-10-14,2545.0
QUEEN,10704,2014-10-14,595.5
HILAA,10705,2014-10-15,378.0
OLDWO,10706,2014-10-16,1893.0
AROUT,10707,2014-10-16,1641.0
THEBI,10708,2014-10-17,180.4
GOURL,10709,2014-10-17,3424.0
FRANS,10710,2014-10-20,93.5
SAVEA,10711,2014-10-21,4451.7
HUNGO,10712,2014-10-21,1233.48
SAVEA,10713,2014-10-22,2827.9
SAVEA,10714,2014-10-22,2205.75
BONAP,10715,2014-10-23,1296.0
RANCH,10716,2014-10-24,706.0
FRANK,10717,2014-10-24,1270.75
KOENE,10718,2014-10-27,3463.0
LETSS,10719,2014-10-27,844.2525
QUEDE,10720,2014-10-28,550.0
QUICK,10721,2014-10-29,923.875
SAVEA,10722,2014-10-29,1570.0
WHITC,10723,2014-10-30,468.45
MEREP,10724,2014-10-30,638.5
FAMIA,10725,2014-10-31,287.8
EASTC,10726,2014-11-03,655.0
REGGC,10727,2014-11-03,1624.5
QUEEN,10728,2014-11-04,1296.75
LINOD,10729,2014-11-04,1850.0
BONAP,10730,2014-11-05,484.2625
CHOPS,10731,2014-11-06,1890.5
BONAP,10732,2014-11-06,360.0
BERGS,10733,2014-11-07,1459.0
GOURL,10734,2014-11-07,1498.35
LETSS,10735,2014-11-10,536.4
HUNGO,10736,2014-11-11,997.0
VINET,10737,2014-11-11,139.8
SPECD,10738,2014-11-12,52.349999999999994
VINET,10739,2014-11-12,240.0
WHITC,10740,2014-11-13,1416.0
AROUT,10741,2014-11-14,228.0
BOTTM,10742,2014-11-14,3118.0
AROUT,10743,2014-11-17,319.2
VAFFE,10744,2014-11-17,736.0
QUICK,10745,2014-11-18,4529.8
CHOPS,10746,2014-11-19,2311.7
PICCO,10747,2014-11-19,1912.85
SAVEA,10748,2014-11-20,2196.0
ISLAT,10749,2014-11-20,1080.0
WARTH,10750,2014-11-21,1590.5625
RICSU,10751,2014-11-24,1631.484
NORTS,10752,2014-11-24,252.0
FRANS,10753,2014-11-25,88.0
MAGAA,10754,2014-11-25,55.199999999999996
BONAP,10755,2014-11-26,1948.5
SPLIR,10756,2014-11-27,1990.0
SAVEA,10757,2014-11-27,3082.0
RICSU,10758,2014-11-28,1644.6
ANATR,10759,2014-11-28,320.0
MAISD,10760,2014-12-01,2917.0
RATTC,10761,2014-12-02,507.0
FOLKO,10762,2014-12-02,4337.0
FOLIG,10763,2014-12-03,616.0
ERNSH,10764,2014-12-03,2286.0
QUICK,10765,2014-12-04,1515.6000000000001
OTTIK,10766,2014-12-05,2310.0
SUPRD,10767,2014-12-05,28.0
AROUT,10768,2014-12-08,1477.0
VAFFE,10769,2014-12-08,1684.275
HANAR,10770,2014-12-09,236.25
ERNSH,10771,2014-12-10,344.0
LEHMS,10772,2014-12-10,3603.2200000000003
ERNSH,10773,2014-12-11,2030.4
FOLKO,10774,2014-12-11,868.75
THECR,10775,2014-12-12,228.0
ERNSH,10776,2014-12-15,6635.275
GOURL,10777,2014-12-15,224.0
BERGS,10778,2014-12-16,96.5
MORGK,10779,2014-12-16,1335.0
LILAS,10780,2014-12-16,720.0
WARTH,10781,2014-12-17,975.88
CACTU,10782,2014-12-17,12.5
HANAR,10783,2014-12-18,1442.5
MAGAA,10784,2014-12-18,1488.0
GROSR,10785,2014-12-18,387.5
QUEEN,10786,2014-12-19,1531.0800000000002
LAMAI,10787,2014-12-19,2622.76
QUICK,10788,2014-12-22,731.5
FOLIG,10789,2014-12-22,3687.0
GOURL,10790,2014-12-22,722.5
FRANK,10791,2014-12-23,1829.757
WOLZA,10792,2014-12-23,399.85
AROUT,10793,2014-12-24,191.1
QUEDE,10794,2014-12-24,314.76
ERNSH,10795,2014-12-24,2158.0
HILAA,10796,2014-12-25,2341.364
DRACD,10797,2014-12-25,420.0
ISLAT,10798,2014-12-26,446.6
KOENE,10799,2014-12-26,1553.5
SEVES,10800,2014-12-26,1468.935
BOLID,10801,2014-12-29,3026.8500000000004
SIMOB,10802,2014-12-29,2942.8125
WELLI,10803,2014-12-30,1193.01
SEVES,10804,2014-12-30,2278.4
THEBI,10805,2014-12-30,2775.0
VICTE,10806,2014-12-31,439.6
FRANS,10807,2014-12-31,18.4
OLDWO,10808,2015-01-01,1411.0
WELLI,10809,2015-01-01,140.0
LAUGB,10810,2015-01-01,187.0
LINOD,10811,2015-01-02,852.0
REGGC,10812,2015-01-02,1692.8
RICAR,10813,2015-01-05,602.4
VICTE,10814,2015-01-05,1788.45
SAVEA,10815,2015-01-05,40.0
GREAL,10816,2015-01-06,8446.45
KOENE,10817,2015-01-06,10952.845
MAGAA,10818,2015-01-07,833.0
CACTU,10819,2015-01-07,477.0
RATTC,10820,2015-01-07,1140.0
SPLIR,10821,2015-01-08,678.0
TRAIH,10822,2015-01-08,237.89999999999998
LILAS,10823,2015-01-09,2826.0
FOLKO,10824,2015-01-09,250.8
DRACD,10825,2015-01-09,1030.76
BLONP,10826,2015-01-12,730.0
BONAP,10827,2015-01-12,843.0
RANCH,10828,2015-01-13,932.0
ISLAT,10829,2015-01-13,1764.0
TRADH,10830,2015-01-13,1974.0
SANTG,10831,2015-01-14,2684.4
LAMAI,10832,2015-01-14,475.11
OTTIK,10833,2015-01-15,906.9300000000001
TRADH,10834,2015-01-15,1432.714
ALFKI,10835,2015-01-15,845.8
ERNSH,10836,2015-01-16,4705.5
BERGS,10837,2015-01-16,1064.5
LINOD,10838,2015-01-19,1938.375
TRADH,10839,2015-01-19,827.55
LINOD,10840,2015-01-19,211.2
SUPRD,10841,2015-01-20,4581.0
TORTU,10842,2015-01-20,975.0
VICTE,10843,2015-01-21,159.0
PICCO,10844,2015-01-21,735.0
QUICK,10845,2015-01-21,3812.7
SUPRD,10846,2015-01-22,1112.0
SAVEA,10847,2015-01-22,4931.92
CONSH,10848,2015-01-23,931.5
KOENE,10849,2015-01-23,967.819
VICTE,10850,2015-01-23,629.0
RICAR,10851,2015-01-26,2603.0
RATTC,10852,2015-01-26,2984.0
BLAUS,10853,2015-01-27,625.0
ERNSH,10854,2015-01-27,2966.5
OLDWO,10855,2015-01-27,2227.8875
ANTON,10856,2015-01-28,660.0
BERGS,10857,2015-01-28,2048.2125
LACOR,10858,2015-01-29,649.0
FRANK,10859,2015-01-29,1078.6875
FRANR,10860,2015-01-29,519.0
WHITC,10861,2015-01-30,3523.4
LEHMS,10862,2015-01-30,581.0
HILAA,10863,2015-02-02,441.15
AROUT,10864,2015-02-02,282.0
QUICK,10865,2015-02-02,16387.5
BERGS,10866,2015-02-03,1096.1999999999998
LONEP,10867,2015-02-03,98.39999999999999
QUEEN,10868,2015-02-04,1920.6
SEVES,10869,2015-02-04,1630.0
WOLZA,10870,2015-02-04,160.0
BONAP,10871,2015-02-05,1979.23
GODOS,10872,2015-02-05,2058.46
WILMK,10873,2015-02-06,336.8
GODOS,10874,2015-02-06,310.0
BERGS,10875,2015-02-06,709.55
BONAP,10876,2015-02-09,917.0
RICAR,10877,2015-02-09,1955.125
QUICK,10878,2015-02-10,1539.0
WILMK,10879,2015-02-10,611.3
FOLKO,10880,2015-02-10,1500.0
CACTU,10881,2015-02-11,150.0
SAVEA,10882,2015-02-11,892.64
LONEP,10883,2015-02-12,36.0
LETSS,10884,2015-02-12,1378.07
SUPRD,10885,2015-02-12,1209.0
HANAR,10886,2015-02-13,3127.5
GALED,10887,2015-02-13,70.0
GODOS,10888,2015-02-16,605.0
RATTC,10889,2015-02-16,11380.0
DUMON,10890,2015-02-16,860.1
LEHMS,10891,2015-02-17,368.9325
MAISD,10892,2015-02-17,2090.0
KOENE,10893,2015-02-18,5502.11
SAVEA,10894,2015-02-18,2753.1
ERNSH,10895,2015-02-18,6379.4
MAISD,10896,2015-02-19,750.5
HUNGO,10897,2015-02-19,10835.240000000002
OCEAN,10898,2015-02-20,30.0
LILAS,10899,2015-02-20,122.39999999999999
WELLI,10900,2015-02-20,33.75
HILAA,10901,2015-02-23,934.5
FOLKO,10902,2015-02-23,863.43
HANAR,10903,2015-02-24,932.05
WHITC,10904,2015-02-24,1924.25
WELLI,10905,2015-02-24,342.0
WOLZA,10906,2015-02-25,427.5
SPECD,10907,2015-02-25,108.5
REGGC,10908,2015-02-26,663.1
SANTG,10909,2015-02-26,670.0
WILMK,10910,2015-02-26,452.9
GODOS,10911,2015-02-26,858.0
HUNGO,10912,2015-02-26,6200.55
QUEEN,10913,2015-02-26,768.75
QUEEN,10914,2015-02-27,537.5
TORTU,10915,2015-02-27,539.5
RANCH,10916,2015-02-27,686.7
ROMEY,10917,2015-03-02,365.89
BOTTM,10918,2015-03-02,1447.5
LINOD,10919,2015-03-02,1122.8
AROUT,10920,2015-03-03,390.0
VAFFE,10921,2015-03-03,1936.0
HANAR,10922,2015-03-03,742.5
LAMAI,10923,2015-03-03,748.8
BERGS,10924,2015-03-04,1835.7
HANAR,10925,2015-03-04,475.15
ANATR,10926,2015-03-04,514.4
LACOR,10927,2015-03-05,800.0
GALED,10928,2015-03-05,137.5
FRANK,10929,2015-03-05,1174.75
SUPRD,10930,2015-03-06,2255.5
RICSU,10931,2015-03-06,799.2
BONAP,10932,2015-03-06,1788.63
ISLAT,10933,2015-03-06,920.6
LEHMS,10934,2015-03-09,500.0
WELLI,10935,2015-03-09,619.5
GREAL,10936,2015-03-09,456.0
CACTU,10937,2015-03-10,644.8
QUICK,10938,2015-03-10,2731.875
MAGAA,10939,2015-03-10,637.5
BONAP,10940,2015-03-11,360.0
SAVEA,10941,2015-03-11,4011.75
REGGC,10942,2015-03-11,560.0
BSBEV,10943,2015-03-11,711.0
BOTTM,10944,2015-03-12,1025.325
MORGK,10945,2015-03-12,245.0
VAFFE,10946,2015-03-12,1407.5
BSBEV,10947,2015-03-13,220.0
GODOS,10948,2015-03-13,2362.25
BOTTM,10949,2015-03-13,4422.0
MAGAA,10950,2015-03-16,110.0
RICSU,10951,2015-03-16,458.755
ALFKI,10952,2015-03-16,471.2
AROUT,10953,2015-03-16,4441.25
LINOD,10954,2015-03-17,1659.5349999999999
FOLKO,10955,2015-03-17,74.4
BLAUS,10956,2015-03-17,677.0
HILAA,10957,2015-03-18,1762.7
OCEAN,10958,2015-03-18,781.0
GOURL,10959,2015-03-18,131.75
HILAA,10960,2015-03-19,265.35
QUEEN,10961,2015-03-19,1119.9
QUICK,10962,2015-03-19,3584.0
FURIB,10963,2015-03-19,57.8
SPECD,10964,2015-03-20,2052.5
OLDWO,10965,2015-03-20,848.0
CHOPS,10966,2015-03-20,1098.4599999999998
TOMSP,10967,2015-03-23,910.4
ERNSH,10968,2015-03-23,1408.0
COMMI,10969,2015-03-23,108.0
BOLID,10970,2015-03-24,224.0
FRANR,10971,2015-03-24,1733.0600000000002
LACOR,10972,2015-03-24,251.5
LACOR,10973,2015-03-24,291.55
SPLIR,10974,2015-03-25,439.0
BOTTM,10975,2015-03-25,717.5
HILAA,10976,2015-03-25,912.0
FOLKO,10977,2015-03-26,2233.0
MAISD,10978,2015-03-26,1303.195
ERNSH,10979,2015-03-26,4813.5
FOLKO,10980,2015-03-27,248.0
HANAR,10981,2015-03-27,15810.0
BOTTM,10982,2015-03-27,1014.0
SAVEA,10983,2015-03-27,720.9
SAVEA,10984,2015-03-30,1809.75
HUNGO,10985,2015-03-30,2023.38
OCEAN,10986,2015-03-30,2220.0
EASTC,10987,2015-03-31,2772.0
RATTC,10988,2015-03-31,3574.8
QUEDE,10989,2015-03-31,1353.6
ERNSH,10990,2015-04-01,4288.85
QUICK,10991,2015-04-01,2296.0
THEBI,10992,2015-04-01,69.6
FOLKO,10993,2015-04-01,4895.4375
VAFFE,10994,2015-04-02,940.5
PERIC,10995,2015-04-02,1196.0
QUICK,10996,2015-04-02,560.0
LILAS,10997,2015-04-03,1885.0
WOLZA,10998,2015-04-03,686.0
OTTIK,10999,2015-04-03,1197.95
RATTC,11000,2015-04-06,903.75
FOLKO,11001,2015-04-06,2769.0
SAVEA,11002,2015-04-06,1811.1
THECR,11003,2015-04-06,326.0
MAISD,11004,2015-04-07,295.38
WILMK,11005,2015-04-07,586.0
GREAL,11006,2015-04-07,329.685
PRINI,11007,2015-04-08,2633.9
ERNSH,11008,2015-04-08,4680.9
GODOS,11009,2015-04-08,616.5
REGGC,11010,2015-04-09,645.0
ALFKI,11011,2015-04-09,933.5
FRANK,11012,2015-04-09,2825.3
ROMEY,11013,2015-04-09,361.0
LINOD,11014,2015-04-10,243.18
SANTG,11015,2015-04-10,622.35
AROUT,11016,2015-04-10,491.5
ERNSH,11017,2015-04-13,6750.0
LONEP,11018,2015-04-13,1575.0
RANCH,11019,2015-04-13,76.0
OTTIK,11020,2015-04-14,632.4
QUICK,11021,2015-04-14,6306.24
HANAR,11022,2015-04-14,1402.0
BSBEV,11023,2015-04-14,1500.0
EASTC,11024,2015-04-15,1966.81
WARTH,11025,2015-04-15,270.0
FRANS,11026,2015-04-15,1030.0
BOTTM,11027,2015-04-16,877.7249999999999
KOENE,11028,2015-04-16,2160.0
CHOPS,11029,2015-04-16,1286.8
SAVEA,11030,2015-04-17,12615.05
SAVEA,11031,2015-04-17,2393.5
WHITC,11032,2015-04-17,8902.5
RICSU,11033,2015-04-17,3232.8
OLDWO,11034,2015-04-20,539.4
SUPRD,11035,2015-04-20,1754.5
DRACD,11036,2015-04-20,1692.0
GODOS,11037,2015-04-21,60.0
SUPRD,11038,2015-04-21,732.6
LINOD,11039,2015-04-21,3090.0
GREAL,11040,2015-04-22,200.0
CHOPS,11041,2015-04-22,1773.0
COMMI,11042,2015-04-22,405.75
SPECD,11043,2015-04-22,210.0
WOLZA,11044,2015-04-23,591.5999999999999
BOTTM,11045,2015-04-23,1309.5
WANDK,11046,2015-04-23,1485.8
EASTC,11047,2015-04-24,817.875
BOTTM,11048,2015-04-24,525.0
GOURL,11049,2015-04-24,273.6
FOLKO,11050,2015-04-27,810.0
LAMAI,11051,2015-04-27,36.0
HANAR,11052,2015-04-27,1332.0
PICCO,11053,2015-04-27,3055.0
CACTU,11054,2015-04-28,305.0
HILAA,11055,2015-04-28,1727.5
EASTC,11056,2015-04-28,3740.0
NORTS,11057,2015-04-29,45.0
BLAUS,11058,2015-04-29,858.0
RICAR,11059,2015-04-29,1838.0
FRANS,11060,2015-04-30,266.0
GREAL,11061,2015-04-30,510.0
REGGC,11062,2015-04-30,406.40000000000003
HUNGO,11063,2015-04-30,1342.95
SAVEA,11064,2015-05-01,4330.400000000001
LILAS,11065,2015-05-01,189.42000000000002
WHITC,11066,2015-05-01,928.75
DRACD,11067,2015-05-04,86.85000000000001
QUEEN,11068,2015-05-04,2027.08
TORTU,11069,2015-05-04,360.0
LEHMS,11070,2015-05-05,1629.975
LILAS,11071,2015-05-05,484.5
ERNSH,11072,2015-05-05,5218.0
PERIC,11073,2015-05-05,300.0
SIMOB,11074,2015-05-06,232.08499999999998
RICSU,11075,2015-05-06,498.1
BONAP,11076,2015-05-06,792.75
RATTC,11077,2015-05-06,1255.7205
